"chromosome","SNPs","base_pair_position"
1,"rs2340591",874927
1,"rs556157869",875636
1,"rs7411115",875643
1,"rs4970379",875770
1,"rs544019998",875938
1,"rs145881258",876067
1,"rs71628924",876200
1,"rs4372192",876499
1,"rs72902600",876949
1,"rs114982608",877147
1,"rs185122266",877363
1,"rs6605066",877715
1,"rs142558220",878314
1,"rs148327885",878331
1,"rs191952374",878809
1,"rs554021048",878900
1,"rs554151824",879025
1,"rs7523549",879317
1,"rs149880798",879482
1,"rs6605067",879676
1,"rs2839",879687
1,"rs143853699",879911
1,"rs3748592",880238
1,"rs3748593",880390
1,"rs113563466",880751
1,"rs41285794",881070
1,"rs2272757",881627
1,"rs35471880",881918
1,"rs2272756",882033
1,"rs111463901",882250
1,"rs2340582",882803
1,"rs149281644",883035
1,"rs72631891",884453
1,"rs67274836",884767
1,"rs4246503",884815
1,"rs4970377",885676
1,"rs4970452",885689
1,"rs4970376",885699
1,"rs111203417",885756
1,"rs114631528",885765
1,"rs182740910",885812
1,"rs111378522",885922
1,"rs4970375",886006
1,"rs3748594",886384
1,"rs77573237",886409
1,"rs114938545",886492
1,"rs10465242",886788
1,"rs10465241",886817
1,"rs76456117",887059
1,"rs41285800",887265
1,"rs3748595",887560
1,"rs3828047",887801
1,"rs144701786",888205
1,"rs3748596",888639
1,"rs3748597",888659
1,"rs13303056",889158
1,"rs13302945",889159
1,"rs3828049",889238
1,"rs13303206",889638
1,"rs13303051",889713
1,"rs148363371",889876
1,"rs28631199",890104
1,"rs6661531",890295
1,"rs13302957",891021
1,"rs13303065",891059
1,"rs192262159",891620
1,"rs112164716",891898
1,"rs13303106",891945
1,"rs41285802",892460
1,"rs41285804",892471
1,"rs41285806",892569
1,"rs13303227",892745
1,"rs4970371",893280
1,"rs6605068",893462
1,"rs6605069",893631
1,"rs4970445",893719
1,"rs28415373",893981
1,"rs115438739",894519
1,"rs13303010",894573
1,"rs13303327",895706
1,"rs184646291",895792
1,"rs113034360",896064
1,"rs112905931",896271
1,"rs144174542",896333
1,"rs28393498",896476
1,"rs4970441",897325
1,"rs13303229",897564
1,"rs181477281",897641
1,"rs7549631",897730
1,"rs6696971",897738
1,"rs6605071",898323
1,"rs41285808",898467
1,"rs6677386",899928
1,"rs143296006",899937
1,"rs147467971",899938
1,"rs71509448",899942
1,"rs144694530",899949
1,"rs577209717",899969
1,"rs546220348",899970
1,"rs6669071",899989
1,"rs28754834",900001
1,"rs6704181",900009
1,"rs7419177",900019
1,"rs186756173",900171
1,"rs568265657",900188
1,"rs534029559",900191
1,"rs554003492",900199
1,"rs4970436",900205
1,"rs7414587",900208
1,"rs114635344",900252
1,"rs4970435",900285
1,"rs4970434",900286
1,"rs71628926",900298
1,"rs111560052",900397
1,"rs28705211",900505
1,"rs3935066",900730
1,"rs9697711",900972
1,"rs13303351",901023
1,"rs13303160",901559
1,"rs13302996",901607
1,"rs2879815",901806
1,"rs186208904",902025
1,"rs116147894",902069
1,"rs62639981",902108
1,"rs77359280",902288
1,"rs113967711",902749
1,"rs80125161",902764
1,"rs7524174",902997
1,"rs6696281",903104
1,"rs28690976",903245
1,"rs6669800",903321
1,"rs6696609",903426
1,"rs28391282",904165
1,"rs35241590",904752
1,"rs6667868",904942
1,"rs193194073",904989
1,"rs59766802",905017
1,"rs7555426",905160
1,"rs7522959",905165
1,"rs41285810",905894
1,"rs41285812",906122
1,"rs28507236",906272
1,"rs41300090",906302
1,"rs28687571",906974
1,"rs28417170",907023
1,"rs148661787",907061
1,"rs182232337",907272
1,"rs79890672",907609
1,"rs59928984",907622
1,"rs28430926",907920
1,"rs558474450",907994
1,"rs77098784",907998
1,"rs28542142",908170
1,"rs28504611",908414
1,"rs28687780",908823
1,"rs3892467",909073
1,"rs62639985",909221
1,"rs3829740",909238
1,"rs3829739",909242
1,"rs3829738",909309
1,"rs61573829",909326
1,"rs62639990",909363
1,"rs28548431",909419
1,"rs2340594",909555
1,"rs28477686",910394
1,"rs28536514",910409
1,"rs6685581",910438
1,"rs28561399",910473
1,"rs74424855",910512
1,"rs4970429",910903
1,"rs2340592",910935
1,"rs3748588",911101
1,"rs114918572",911181
1,"rs7417106",911595
1,"rs74045046",911916
1,"rs7367995",912049
1,"rs535429849",913419
1,"rs555071784",913422
1,"rs540371076",913605
1,"rs74045047",913610
1,"rs543878803",913612
1,"rs2340596",913889
1,"rs2340595",914192
1,"rs13302979",914333
1,"rs145616017",914610
1,"rs181798425",914727
1,"rs34903276",914839
1,"rs13303368",914852
1,"rs13302983",914876
1,"rs13303033",914940
1,"rs13303355",915227
1,"rs113243246",915264
1,"rs6660139",916549
1,"rs28566954",916590
1,"rs56028034",916662
1,"rs6694632",916834
1,"rs6605058",917060
1,"rs7547878",917315
1,"rs28434575",917492
1,"rs41285816",917640
1,"rs28552711",918238
1,"rs6659460",918270
1,"rs13303118",918384
1,"rs143285747",918481
1,"rs2341354",918573
1,"rs4970418",918617
1,"rs28469033",919127
1,"rs6605059",919419
1,"rs61606412",919489
1,"rs4970414",919501
1,"rs116781904",919855
1,"rs143953267",919868
1,"rs61770779",919927
1,"rs2341357",919998
1,"rs28896913",920503
1,"rs186105838",920513
1,"rs28869591",920640
1,"rs6677020",920648
1,"rs28878601",920692
1,"rs6677131",920733
1,"rs55692389",920977
1,"rs78164078",921071
1,"rs6662128",921570
1,"rs547139400",921594
1,"rs13303278",921716
1,"rs6693747",922009
1,"rs185011518",922011
1,"rs114583033",922483
1,"rs6605060",923076
1,"rs183861325",923126
1,"rs9442609",923459
1,"rs9442610",923749
1,"rs28447224",924111
1,"rs35562283",924368
1,"rs34712273",924528
1,"rs28422907",924603
1,"rs28622096",924629
1,"rs6665000",924898
1,"rs6605061",925684
1,"rs6671243",926351
1,"rs4970403",926431
1,"rs4970351",926621
1,"rs143358378",926842
1,"rs140144962",926968
1,"rs2341362",927309
1,"rs6665587",927741
1,"rs79271194",928373
1,"rs111754459",928416
1,"rs35002855",928520
1,"rs28394749",928578
1,"rs9777703",928836
1,"rs115490086",928969
1,"rs9777939",929190
1,"rs9777893",929316
1,"rs13302924",929327
1,"rs138560419",929550
1,"rs144071868",929565
1,"rs192225125",929965
1,"rs3128108",930329
1,"rs3128109",930377
1,"rs3128110",930533
1,"rs3121574",930567
1,"rs3128111",930751
1,"rs2799059",930892
1,"rs2710882",930923
1,"rs2710881",931014
1,"rs2710880",931166
1,"rs2799060",931362
1,"rs74718486",931500
1,"rs2799061",931508
1,"rs111473305",931513
1,"rs2799062",931548
1,"rs2005437",931730
1,"rs2002848",931873
1,"rs1891910",932457
1,"rs138465666",932583
1,"rs3128112",932618
1,"rs112051535",932638
1,"rs149353423",933315
1,"rs554037294",933744
1,"rs544171739",933757
1,"rs9442392",933790
1,"rs2710867",934099
1,"rs2799063",934106
1,"rs2488989",934121
1,"rs9697384",934130
1,"rs181986685",934180
1,"rs2298214",935222
1,"rs146254088",935398
1,"rs3128113",935459
1,"rs3121571",935492
1,"rs116904365",935671
1,"rs3128114",935715
1,"rs3128115",935833
1,"rs35310704",935932
1,"rs1936360",936111
1,"rs3121570",936194
1,"rs3121569",936210
1,"rs142743151",936414
1,"rs116607870",936487
1,"rs183169965",936580
1,"rs61766282",936713
1,"rs149671836",936848
1,"rs28615823",937250
1,"rs142946364",937529
1,"rs2489000",937688
1,"rs2710869",938116
1,"rs2710868",938125
1,"rs2799058",938213
1,"rs2799057",939950
1,"rs2799056",940005
1,"rs4503294",940096
1,"rs35940137",940203
1,"rs116670667",940634
1,"rs144007510",941188
1,"rs3128116",941284
1,"rs57683598",941334
1,"rs535164849",941368
1,"rs9778087",941539
1,"rs76233940",942636
1,"rs9697682",942705
1,"rs561301612",942843
1,"rs3121567",943468
1,"rs2465140",943687
1,"rs2488992",943907
1,"rs13303313",943968
1,"rs575531402",944189
1,"rs3128117",944564
1,"rs189318670",944850
1,"rs192654382",944888
1,"rs3135457",945096
1,"rs13303172",945111
1,"rs114176189",945349
1,"rs3121566",945474
1,"rs3121565",945612
1,"rs9723307",946135
1,"rs2465126",947034
1,"rs190445220",947402
1,"rs2465125",947538
1,"rs115074115",947809
1,"rs2341365",948692
1,"rs4615788",948870
1,"rs15842",948921
1,"rs2465124",949235
1,"rs61766284",949597
1,"rs1921",949608
1,"rs8997",949654
1,"rs2799070",949925
1,"rs1891906",950243
1,"rs9331223",950677
1,"rs2799069",950716
1,"rs9442363",951283
1,"rs9442388",951295
1,"rs9697362",951322
1,"rs9697717",951330
1,"rs2465141",951564
1,"rs3128118",952003
1,"rs114885312",952345
1,"rs9442611",952428
1,"rs147627659",952538
1,"rs531748129",952641
1,"rs150130275",952642
1,"rs148896243",952746
1,"rs139816136",953224
1,"rs113454255",953678
1,"rs139425842",953745
1,"rs181732177",953908
1,"rs9442612",953952
1,"rs75267490",954032
1,"rs144574777",954066
1,"rs3109210",954134
1,"rs113773920",954622
1,"rs61766299",954777
1,"rs34927559",955016
1,"rs529538851",955078
1,"rs189343112",955170
1,"rs115173026",955597
1,"rs201073369",955619
1,"rs116130865",956077
1,"rs111893801",956327
1,"rs151190822",956467
1,"rs182235734",956518
1,"rs188787026",956593
1,"rs9777931",956852
1,"rs138605419",956998
1,"rs114362721",957040
1,"rs149265376",957105
1,"rs3121553",957120
1,"rs115025567",957171
1,"rs6657048",957640
1,"rs2799064",957898
1,"rs6670874",958017
1,"rs147326918",958204
1,"rs113847517",958236
1,"rs2001744",958248
1,"rs2341363",958731
1,"rs2710890",958905
1,"rs2710889",958953
1,"rs4452985",959026
1,"rs3845291",959155
1,"rs3845292",959169
1,"rs4039721",959231
1,"rs561649468",959346
1,"rs28591569",959509
1,"rs2710888",959842
1,"rs146521242",959923
1,"rs4970392",960409
1,"rs3121554",960941
1,"rs3128124",961047
1,"rs190257562",961105
1,"rs3121555",961350
1,"rs3128125",961464
1,"rs3121556",961827
1,"rs139374940",962083
1,"rs3128126",962210
1,"rs4970393",962606
1,"rs28670633",962720
1,"rs139739296",962830
1,"rs548941436",962890
1,"rs4970394",962891
1,"rs9442389",963013
1,"rs2710870",963249
1,"rs72900404",963338
1,"rs13303147",963661
1,"rs2465127",963721
1,"rs28637280",964230
1,"rs4970343",964840
1,"rs4970344",964848
1,"rs71576588",965009
1,"rs28373660",965175
1,"rs28433148",965278
1,"rs28972693",965604
1,"rs28970526",965939
1,"rs111203427",966064
1,"rs150628606",966079
1,"rs13303157",966307
1,"rs562262850",966435
1,"rs76467416",967000
1,"rs139917516",967007
1,"rs4970349",967658
1,"rs3121560",968226
1,"rs13302943",968251
1,"rs147784721",968945
1,"rs2710884",969659
1,"rs569113956",969670
1,"rs115170833",969773
1,"rs9442364",970215
1,"rs567725793",970545
1,"rs530277061",970546
1,"rs138713971",971120
1,"rs2799055",971224
1,"rs2710883",971367
1,"rs3121575",972134
1,"rs4970350",972180
1,"rs145583928",972914
1,"rs9442390",972983
1,"rs2488993",973336
1,"rs2465129",973377
1,"rs2465130",973458
1,"rs2488994",973668
1,"rs3121577",974180
1,"rs2465131",974199
1,"rs2488995",974225
1,"rs2488996",974296
1,"rs2488997",974355
1,"rs2465132",974356
1,"rs2465133",974494
1,"rs2465134",974570
1,"rs2465135",974662
1,"rs3121578",974894
1,"rs3121579",975133
1,"rs9331224",975702
1,"rs138343243",975826
1,"rs138031468",977028
1,"rs3121552",977203
1,"rs2799066",977330
1,"rs2710876",977570
1,"rs2710875",977780
1,"rs2710873",978193
1,"rs138288952",978762
1,"rs115191992",978856
1,"rs151102274",979437
1,"rs113288277",979748
1,"rs28640190",980163
1,"rs3128097",980460
1,"rs183108359",980948
1,"rs113849939",980975
1,"rs3128098",981087
1,"rs2465128",981931
1,"rs150132566",982213
1,"rs147362722",982403
1,"rs115112462",982419
1,"rs137903935",982425
1,"rs3128099",982444
1,"rs3128101",982513
1,"rs148629116",982539
1,"rs142416636",982722
1,"rs146358566",982783
1,"rs76264143",982844
1,"rs3128102",982941
